Offer_ID,Deskripsi,Harga,Storage_Millions,Has_Premium
78924024,"🍪👑⚡️ 【ARENA BREAKOUT】 STOCK 4.3M 2.98M COINS 5 LVL EPIC SKINS FULL ACCESS / AUTO 🍪👑⚡️, Arena Breakout Mobile, Sale",9.46,4.3,False
78924023,"🍪👑⚡️ 【ARENA BREAKOUT】 STOCK 5.2M 3.7M COINS 7 LVL EPIC SKINS FULL ACCESS / AUTO 🍪👑⚡️, Arena Breakout Mobile, Sale",9.03,5.2,False
78924021,"🍪👑⚡️ 【ARENA BREAKOUT】 STOCK 4.7M 3.6M COINS 7 LVL EPIC SKIN FULL ACCESS / AUTO 🍪👑⚡️, Arena Breakout Mobile, Sale",9.46,4.7,False
78924020,"🍪👑⚡️ 【ARENA BREAKOUT】 STOCK 5.3M 3.9M COINS 5 LVL EPIC SKINS FULL ACCESS / AUTO 🍪👑⚡️, Arena Breakout Mobile, Sale",9.46,5.3,False
78924017,"🍪👑⚡️ 【ARENA BREAKOUT】 STOCK 6.6M 4.4M COINS 5 LVL LEG+EPIC SKINS FULL ACCESS 🍪👑⚡️, Arena Breakout Mobile, Sale",10.63,6.6,False
78924016,"🍪👑⚡️ 【ARENA BREAKOUT】 STOCK 6.5M 4.4M COINS 5 LVL EPIC SKIN FULL ACCESS / AUTO 🍪👑⚡️, Arena Breakout Mobile, Sale",10.63,6.5,False
78924013,"🍪👑⚡️ 【ARENA BREAKOUT】 STOCK 6.8M 6M COINS 4 LVL EPIC SKIN FULL ACCESS / AUTO 🍪👑⚡️, Arena Breakout Mobile, Sale",10.63,6.8,False
78924012,"🍪👑⚡️ 【ARENA BREAKOUT】 STOCK 4.6M 3.25M COINS 6 LVL EPIC SKINS FULL ACCESS / AUTO 🍪👑⚡️, Arena Breakout Mobile, Sale",8.92,4.6,False
78924011,"🍪👑⚡️ 【ARENA BREAKOUT】 STOCK 4.8M 3.6M COINS 6 LVL MANY EPIC SKINS FULL ACCESS 🍪👑⚡️, Arena Breakout Mobile, Sale",8.92,4.8,False
78924010,"🍪👑⚡️ 【ARENA BREAKOUT】 STOCK 6.7M 5.2M COINS 5 LVL EPIC SKIN FULL ACCESS / AUTO 🍪👑⚡️, Arena Breakout Mobile, Sale",8.92,6.7,False
78924009,"🍪👑⚡️ 【ARENA BREAKOUT】 STOCK 5.1M 3.68M COINS 6 LVL WEAPON SKINS FULL ACCESS / AUTO 🍪👑⚡️, Arena Breakout Mobile, Sale",8.92,5.1,False
78924008,"🍪👑⚡️ 【ARENA BREAKOUT】 STOCK 5.6M 3.79M COINS 7 LVL EPIC SKINS FULL ACCESS / AUTO 🍪👑⚡️, Arena Breakout Mobile, Sale",8.92,5.6,False
78923973,"🍪👑⚡️ 【ARENA BREAKOUT】 STOCK 5.5M 3.38M COINS 7 LVL EPIC SKIN FULL ACCESS / AUTO 🍪👑⚡️, Arena Breakout Mobile, Sale",8.92,5.5,False
78923972,"🍪👑⚡️ 【ARENA BREAKOUT】 STOCK 5.4M 4.17M COINS 5 LVL EPIC SKIN FULL ACCESS / AUTO 🍪👑⚡️, Arena Breakout Mobile, Sale",8.5,5.4,False
76155257,"💥⭐5 LVL⭐💰3.97KK+ KOENS💰📦5.4KK+ STORAGE📦🛡️2×2 SAFE FOR 3 DAYS🛡️🎟️250K COUPONS🎟️EPIC SKINS📧FULL ACCESS, Arena Breakout Mobile, Sale",5.6,3.97,False
76155090,"💥🎯ARENA BREAKOUT🎯💥⭐5 LVL⭐💰3.2KK+ KOENS💰📦5.2KK+ STORAGE📦🎟️250K COUPONS🎟️📧FULL ACCESS📧⚡AUTO DELIVERY⚡, Arena Breakout Mobile, Sale",4.48,3.2,False
75817018,"🔥6 LVL🔥💰4.6KK STORAGE💰🎟️250K COUPONS🎟️✨EPIC SKIN✨📧FULL ACCESS📧⚡AUTO DELIVERY⚡, Arena Breakout Mobile, Sale",4.48,4.6,False
75452770,"💥3 LVL💥💰5.2KK+ STORAGE💰🎟️750K T5 COUPONS🎟️🟪EPIC SKINS🟪🔓FULL ACCESS + EMAIL🔓⚡AUTO DELIVERY⚡, Arena Breakout Mobile, Sale",3.7,5.2,False
75452472,"💥5 LVL💥💰5.5KK+ STORAGE💰🎟️1.5KK T5 COUPONS🎟️🟪MANY EPIC SKINS🟪🔓FULL ACCESS + EMAIL🔓⚡AUTO DELIVERY⚡, Arena Breakout Mobile, Sale",4.48,5.5,False
75452288,"💥5 LVL💥💰5.6KK+ STORAGE💰🎟️750K COUPONS🎟️🟪EPIC SKINS🟪🔓FULL ACCESS + EMAIL🔓⚡AUTO DELIVERY⚡, Arena Breakout Mobile, Sale",5.6,5.6,False
75447103,"💥4 LVL💥💰5.2KK+ STORAGE💰🎟️500K COUPONS🎟️🟪EPIC SKINS🟪🔓FULL ACCESS + EMAIL🔓⚡AUTO DELIVERY⚡, Arena Breakout Mobile, Sale",4.48,5.2,False
75106804,"🚀💎ARENA BREAKOUT💎🚀5.5M+ STASH💰4.2M+ KOENS🪙500K T5🎟️LVL 5⭐EPIC SKINS🎨📧FULL ACCESS🔐⚡AUTO DELIVERY⚡, Arena Breakout Mobile, Sale",5.04,5.5,False
75098975,"💥🔥ARENA BREAKOUT🔥5.7M+ STASH💰3.8M+ KOENS💵1.5M T5🎟️LVL 6🏆EPIC SKINS🟪🔫FULL ACCESS🔐⚡AUTO DELIVERY⚡, Arena Breakout Mobile, Sale",6.72,5.7,False
75098652,"💥🔥ARENA BREAKOUT🔥5.7M+ STASH💰4.2M+ KOENS💵1.5M T5🎟️LVL 6🏆EPIC SKINS🟪🔫FULL ACCESS🔐⚡AUTO DELIVERY⚡, Arena Breakout Mobile, Sale",5.6,5.7,False
75098101,"💥🔥ARENA BREAKOUT🔥5.6M+ STASH💰3.97M+ KOENS💵750K COUPONS🎟️LVL 6🏆EPIC SKINS🟪🔫🔐⚡AUTO DELIVERY⚡, Arena Breakout Mobile, Sale",6.16,5.6,False
75097508,"💥🔥ARENA BREAKOUT🔥5.7M+ STASH💰3.99M+ KOENS💵250K COUPONS🎟️LVL 6🏆EPIC SKIN🟪🔫FULL ACCESS🔐⚡AUTO DELIVERY⚡, Arena Breakout Mobile, Sale",6.72,5.7,False
74903320,"💥🔥ARENA BREAKOUT🔥5.8M+ STASH💰4.4M+ KOENS💵500K T5🎟️LVL 5🏆EPIC SKIN🟪🔫FULL ACCESS🔐⚡AUTO DELIVERY⚡, Arena Breakout Mobile, Sale",5.6,5.8,False
74902929,"💥🔥ARENA BREAKOUT🔥5.5M+ STASH💰3.7M+ KOENS💵500K T5🎟️LVL 6🏆EPIC SKINS+OUTFIT🟪🔫🔐⚡AUTO DELIVERY⚡, Arena Breakout Mobile, Sale",6.72,5.5,False
74902610,"🔥5 LVL🔥💰5.3KK STORAGE💰🎟️250K COUPONS🎟️🔐2×2 SAFE FOR 3 DAYS🔐✨EPIC SKIN✨📧FULL ACCESS⚡AUTO DELIVERY⚡, Arena Breakout Mobile, Sale",6.16,5.3,False
78978420,"💰 Account sale: 20,000 bonds + 16 million in cash 💵, Arena Breakout Mobile, Sale",132.38,,False
64205522,"🔥Not a bad AK, from season 7, knife.🔥, Arena Breakout Mobile, Sale",190.88,,True
72895296,"📦 STASH 5.3M 📦 💸 3.75M KOENS 💸 ⭐ 5 LVL ⭐ 🔥 WEAPON SKINS 🔥 📲 FULL ACCESS 📲 🛸 AUTO DELIVERY 🛸, Arena Breakout Mobile, Sale",3.25,5.3,False
72895023,"🏦 STASH 5.2M 🏦 💴 3.2M KOENS 💴 🔰 5 LVL 🔰 🟣 EPIC SKINS 🟣 🔐 FULL ACCESS 🔐 ✈️ AUTO DELIVERY ✈️, Arena Breakout Mobile, Sale",3.25,5.2,False
72894786,"🏛️ STASH 4.9M 🏛️ 🤑 3.22M KOENS 🤑 🏆 4 LVL 🏆 🗝️ FULL ACCESS 🗝️ 🚄 AUTO DELIVERY 🚄, Arena Breakout Mobile, Sale",2.8,4.9,False
72894445,"🧱 STASH 5.5M 🧱 💷 2.65M KOENS 💷 🌠 5 LVL 🌠 🔮 EPIC SKINS 🔮 🧲 FULL ACCESS 🧲 🏎️ AUTO DELIVERY 🏎️, Arena Breakout Mobile, Sale",3.03,5.5,False
72894116,"🧨 STASH 5.6M 🧨 🪙 3.79M COINS 🪙 🥇 7 LVL 🥇 💠 EPIC SKINS 💠 🗿 FULL ACCESS 🗿 🚁 INSTANT DELIVERY 🚁, Arena Breakout Mobile, Sale",3.36,5.6,False
72893978,"🛡️ STASH 5.1M 🛡️ 💵 3.68M COINS 💵 🧭 6 LVL 🧭 🎯 WEAPON SKINS 🎯 🌪️ FULL ACCESS 🌪️ 🚀 INSTANT DELIVERY 🚀, Arena Breakout Mobile, Sale",3.36,5.1,False
72479354,"🏦 6M STASH 🏦 💰 3.25M COINS 💰 🎖️ 6 LVL 🎖️ 🔫 EPIC SKINS 🔫 📬 FULL ACCESS 📬 🛥️ AUTO DELIVERY 🛥️, Arena Breakout Mobile, Sale",3.36,6.0,False
72479299,"🪐 STASH 5.3M 🪐 🧿 3.9M COINS 🧿 🥎 5 LVL 🥎 🌟 EPIC SKINS 🌟 🗄️ FULL ACCESS 🗄️ 🛸 INSTANT DELIVERY 🛸, Arena Breakout Mobile, Sale",3.36,5.3,False
72479263,"🏯 4.7M STASH 🏯 🌖 3.6M COINS 🌖 🎿 7 LVL 🎿 🖌 EPIC SKIN 🖌 📬 FULL ACCESS 📬 🚀 INSTANT DELIVERY 🚀, Arena Breakout Mobile, Sale",3.36,4.7,False
72479211,"🏦 5.2M STASH 🏦 🌘 3.7M COINS 🌘 🥌 7 LVL 🥌 🎨 EPIC SKINS 🎨 📪 FULL ACCESS 📪 🛩 INSTANT DELIVERY 🛩, Arena Breakout Mobile, Sale",3.36,5.2,False
72479173,"🗄️ 4.3M STASH 🗄️ 🪙 2.98M COINS 🪙 🎗️ 5 LVL 🎗️ 🔪 EPIC SKINS 🔪 📥 FULL ACCESS 📥 🚤 AUTO DELIVERY 🚤, Arena Breakout Mobile, Sale",3.36,4.3,False
78849810,"💎 2 ARENA BREAKOUT ACCOUNTS: LVL 30, 10KK CASH EACH, REBIND, Arena Breakout Mobile, Sale",10.92,10.0,False
78849736,"👑 Manual Delivery: 2 Arena Breakout Mobile Accounts | 20+20KK Cash |…, Arena Breakout Mobile, Sale",18.86,20.0,False
78849349,"🎮 3 accounts 30 lvl 10+10+10KK | Manual delivery & full relink, Arena Breakout Mobile, Sale",14.88,10.0,False
78849229,"⭐3 ACCOUNTS🚀20+20+20KK💰LVL 30 | FULL RELINK | Arena Breakout Mobile, Arena Breakout Mobile, Sale",26.78,20.0,False
74081059,"24/7 Automatic issuance💥 accounts for your further actions ❤️‍🔥 description, Arena Breakout Mobile, Sale",0.032,,False
77415499,"🏮【Mobile version】🥑level 4🏮 460k cash /📧Email + password / Auto‑issue 🏮, Arena Breakout Mobile, Sale",0.91,,False
75704386,"🖤🤍ARENA BREAKOUT MOBILE🤍MAIL+PASSWORD🖤💎30 LVL + 60,000,000 CURRENCY💎🖤AUTO DELIVERY 24/7⚡️🖤🖤, Arena Breakout Mobile, Sale",23.5,60.0,False
75703963,"🖤🤍ARENA BREAKOUT MOBILE🤍MAIL+PASSWORD🖤💎30LVL 50,000,000 CURRENCIES💎🖤AUTO DELIVERY 24/7⚡️🖤🖤, Arena Breakout Mobile, Sale",19.76,50.0,False
75702514,"🖤🤍ARENA BREAKOUT MOBILE🤍MAIL+PASSWORD🖤💎30 LVL + 40,000,000 CURRENCIES💎🖤AUTO DELIVERY 24/7⚡️🖤🖤, Arena Breakout Mobile, Sale",16.02,40.0,False
75702120,"🖤🤍ARENA BREAKOUT MOBILE🤍MAIL+PASSWORD🖤💎30LVL 20,000,000 CURRENCIES💎🖤AUTO DELIVERY 24/7⚡️🖤🖤, Arena Breakout Mobile, Sale",8.01,20.0,False
78833468,"sale of aka  Good foundation 3 characters   Enigma, General, Asp , Katana, unique cannon, Arena Breakout Mobile, Sale",241.78,,False
78000148,"💎MANUAL ISSUANCE | 3 ACCOUNTS | 30+30+30KK cash | Level 30 | Complete re-binding to yourself |, Arena Breakout Mobile, Sale",23.83,30.0,False
78000147,"💎MANUAL ISSUANCE | 3 ACCOUNTS | 20+20+20KK cash | Level 30 | Complete re-binding to yourself |, Arena Breakout Mobile, Sale",14.3,20.0,False
78000122,"💎MANUAL ISSUANCE | 3 ACCOUNTS | 10+10+10KK cash | Level 30 | Complete re-binding to yourself |, Arena Breakout Mobile, Sale",7.94,10.0,False
77999786,"👑MANUAL ISSUING | 2 ACCOUNTS | 10+10KK cash | Level 30 | Complete re-binding to yourself, Arena Breakout Mobile, Sale",20.12,10.0,False
77999783,"👑MANUAL ISSUING | 2 ACCOUNTS | 10+10KK cash | Level 30 | Complete re-binding to yourself, Arena Breakout Mobile, Sale",15.89,10.0,False
77999780,"👑MANUAL ISSUING | 2 ACCOUNTS | 20+20KK cash | Level 30 | Complete re-binding to yourself, Arena Breakout Mobile, Sale",10.07,20.0,False
77999769,"👑MANUAL ISSUING | 2 ACCOUNTS | 10+10KK cash | Level 30 | Complete re-binding to yourself, Arena Breakout Mobile, Sale",5.82,10.0,False
77999060,"🔥 AUTO ISSUING | 30 MILLION CASH + GAME LEVEL 30 | COMPLETE DATA CHANGE 🚀, Arena Breakout Mobile, Sale",8.48,,False
77998931,"🔥 AUTO ISSUING | 20 MILLION CASH + GAME LEVEL 30 | COMPLETE DATA CHANGE 🚀, Arena Breakout Mobile, Sale",5.29,,False
77998765,"🔥 AUTO ISSUING | 10 MILLION CASH + GAME LEVEL 30 | COMPLETE DATA CHANGE 🚀, Arena Breakout Mobile, Sale",3.18,,False
78925404,"3 knives 1 suit 139cc warehouse 70cc in cash. See the review, Arena Breakout Mobile, Sale",279.96,139.0,True
61466320,"Donate account - 6 knives, 5 pairs of gloves, legendary skins, warehouse 5cc, Arena Breakout Mobile, Sale",381.76,5.0,True
59911246,"Donation account -10kk 💵 / 3 knives / 1 pair of gloves, Arena Breakout Mobile, Sale",302.87,10.0,True
77884429,"🌿130M Storage value 100M Cash🌿, Arena Breakout Mobile, Sale",100.86,130.0,False
77043824,"[ 🦕 ] ▶ 🟥🎁🟥 🌐 GLOBAL 💰 5.7KK+ SCHRON | 3.99KK+ KOENV ⚡ 6 LVL + EPIC SKIN + AUTOMATCH 🟥🎁, Arena Breakout Mobile, Sale",12.17,5.7,False
77043814,"[ 🦕 ] ▶ 🟥🎁🟥 🌐 GLOBAL 💰 5.6KK+ STORAGE | 3.97KK+ KOHENOV ⚡ 6 LVL + 750K COUPONS + AUTOMATIC DROP 🟥🎁, Arena Breakout Mobile, Sale",12.17,5.6,False
77043773,"[ 🦕 ] ▶ 🟥🎁🟥 🌐 GLOBAL 💰 5.7KK+ STORAGE | 4.2KK+ KOHENOV 🔐 1.5KK T5 + ACCESS + AUTO ISSUE 🟥🎁, Arena Breakout Mobile, Sale",12.17,5.7,False
77043764,"[ 🦕 ] ▶ 🟥🎁🟥 🌐 GLOBAL 💰 5.7KK+ STORAGE | 3.8KK+ KOHENOV 🔐 1.5KK T5 + ACCESS + AUTO ISSUER 🟥🎁, Arena Breakout Mobile, Sale",12.17,5.7,False
77043748,"[ 🦕 ] ▶ 🟥🎁🟥 🌐 GLOBAL 💰 5.2KK+ STORAGE + 500K COUPONS 🔐 FULL ACCESS + NATIVE MAIL 🟥🎁, Arena Breakout Mobile, Sale",10.14,5.2,False
77043717,"[ 🦕 ] ▶ 🟥🎁🟥 🌐 GLOBAL 💰 5.6KK+ STORAGE + 750K COUPONS 🔐 FULL ACCESS + NATIVE MAIL 🟥🎁, Arena Breakout Mobile, Sale",10.14,5.6,False
77043699,"[ 🦕 ] ▶ 🟥🎁🟥 🌐 GLOBAL 💰 5.5KK+ SKhRON + 1.5KK T5 COUPONS 🔐 FULL ACCESS + NATIVE MAIL 🟥🎁, Arena Breakout Mobile, Sale",10.14,5.5,False
70876121,"💸💎Level 30💎 15.2K in stock, 13.8K cash💸, Arena Breakout Mobile, Sale",6.36,,False
37255263,"🟥APPEARANCE-KNIFE-CHARACTER//SAFE 2x3//5-t7//85kk-75kk±💵//DESCRIPTION BELOW, Arena Breakout Mobile, Sale",343.59,85.0,True
78856064,"Thanks for the update on hdhdhhdhdjdhsbbsbs, Arena Breakout Mobile, Sale",3.18,,False
78814601,"Selling an Arena Breakout Mobile account: Level 30, 8 stash slots, 5 million in the balance., Arena Breakout Mobile, Sale",9.54,,False
78814146,"Arena Breakout Mobile: Level 30, 8.4 stash value, 1 million in the balance., Arena Breakout Mobile, Sale",10.56,,False
77469913,"FAT ACC 11 KNIVES, 6 CHARACTER SKINS, 2 RED WEAPON SKINS, Arena Breakout Mobile, Sale",394.49,,True
78943705,"💗ARENA BREAKOUT MOBILE💗MAIL+PASSWORD💗30 LVL + 60,000,000 CURRENCY💗AUTO DELIVERY 24/7💗, Arena Breakout Mobile, Sale",56.47,60.0,False
78453429,"💗 4.3M STASH 💗 💗 2.98M COINS 💗 💗 5 LVL 💗 💗 EPIC SKINS 💗 💗 FULL ACCESS 💗 💗 AUTO DELIVERY 💗, Arena Breakout Mobile, Sale",8.12,4.3,False
77571767,"Selling a personal account, Apostle, Blade of Victory, Mk14 Glacier, and many other legit skins., Arena Breakout Mobile, Sale",76.35,,False
77570474,"Selling account Ajax Knife, Renoir, Renoir Costume, Arena Breakout Mobile, Sale",53.45,,True
78567114,"Personal account; includes knife skins., Arena Breakout Mobile, Sale",57.26,,True
69582120,"50M  Storage Value, 38M cash, LVL 30, Auto delivery, Full Access, Arena Breakout Mobile, Sale",35.7,50.0,False
37467784,"⚡ 50M Storage Value | 38M Cash | Full Access + Email | Instant Auto-Delivery ⚡, Arena Breakout Mobile, Sale",35.7,50.0,False
75346660,"Embercore, Premium Battle Pass, 7,232K Cash, 32,7M Storage, Read Description, Arena Breakout Mobile, Sale",163.19,32.7,False
67785442,"Legend S4, Premium Battle Pass, 11,468K Cash, 35,4M Storage, Read Description, Arena Breakout Mobile, Sale",50.21,35.4,False
66305727,"Legend S11, Premium Battle Pass, 31,748K Cash, 91M Storage, Read Description, Arena Breakout Mobile, Sale",100.43,91.0,False
78877673,"🦊 STASH 5.5M 🦊 🦊 2.65M KOENS 🦊 🦊 5 LVL 🦊 🦊 EPIC SKINS 🦊 🦊 FULL ACCESS 🦊 🦊 AUTO DELIVERY 🦊, Arena Breakout Mobile, Sale",7.28,5.5,False
78801624,"🦊 STASH 5.2M 🦊 🦊 3.2M KOENS 🦊 🦊 5 LVL 🦊 🦊 EPIC SKINS 🦊 🦊 FULL ACCESS 🦊 🦊 AUTO DELIVERY 🦊, Arena Breakout Mobile, Sale",7.85,5.2,False
78801588,"🦊 STASH 5.3M 🦊 🦊 3.75M KOENS 🦊 🦊 5 LVL 🦊 🦊 WEAPON SKINS 🦊 🦊 FULL ACCESS 🦊 🦊 AUTO DELIVERY 🦊, Arena Breakout Mobile, Sale",7.85,5.3,False
78519404,"🦊ARENA BREAKOUT MOBILE🦊MAIL+PASSWORD🦊30LVL 20,000,000 CURRENCIES🦊AUTO DELIVERY 24/7🦊, Arena Breakout Mobile, Sale",19.25,20.0,False
78519401,"🦊 AUTO ISSUING | 10 MILLION CASH + GAME LEVEL 30 | COMPLETE DATA CHANGE 🦊, Arena Breakout Mobile, Sale",7.64,,False
78518904,"🦊 4.7M STASH 🦊 🦊 3.6M COINS 🦊 🦊 7 LVL 🦊 🦊 EPIC SKIN 🦊 🦊 FULL ACCESS 🦊 🦊 INSTANT DELIVERY 🦊, Arena Breakout Mobile, Sale",8.12,4.7,False
78518886,"🦊 STASH 5.6M 🦊 🦊 3.79M COINS 🦊 🦊 7 LVL 🦊 🦊 EPIC SKINS 🦊 🦊 FULL ACCESS 🦊 🦊 INSTANT DELIVERY 🦊, Arena Breakout Mobile, Sale",8.12,5.6,False
78596899,"Raven and knife butterfly skins, +mkashka exclusive, Arena Breakout Mobile, Sale",127.25,,True
54382200,"🔥JUICY ACCOUNT TO START 🔥 🆙21 LVL🆙 💵 TOTAL COST 6.700.000💵 ➕ACCOUNT IS ISSUED COMPLETELY BY MAIL➕, Arena Breakout Mobile, Sale",3.82,6.7,False
77260590,"✅🐸✨ 【ARENA BREAKOUT】 STOCK 5.4M 🎒 4.17M COINS 🪙 5 LVL ⚡ EPIC SKIN 🔐 FULL ACCESS / AUTO ✅🐸✨, Arena Breakout Mobile, Sale",8.53,5.4,False
77260587,"✅🐸✨ 【ARENA BREAKOUT】 STOCK 5.5M 🎒 3.38M COINS 🪙 7 LVL ⚡ EPIC SKIN 🔐 FULL ACCESS / AUTO ✅🐸✨, Arena Breakout Mobile, Sale",8.96,5.5,False
77260584,"✅🐸✨ 【ARENA BREAKOUT】 STOCK 5.6M 🎒 3.79M COINS 🪙 7 LVL ⚡ EPIC SKINS 🔐 FULL ACCESS / AUTO ✅🐸✨, Arena Breakout Mobile, Sale",8.96,5.6,False
77260581,"✅🐸✨ 【ARENA BREAKOUT】 STOCK 5.1M 🎒 3.68M COINS 🪙 6 LVL 🔫 WEAPON SKINS 🔐 FULL ACCESS / AUTO ✅🐸✨, Arena Breakout Mobile, Sale",8.96,5.1,False
77260578,"✅🐸✨ 【ARENA BREAKOUT】 STOCK 6.7M 🎒 5.2M COINS 🪙 5 LVL ⚡ EPIC SKIN 🔐 FULL ACCESS / AUTO ✅🐸✨, Arena Breakout Mobile, Sale",8.96,6.7,False
77260576,"✅🐸✨ 【ARENA BREAKOUT】 STOCK 4.8M 🎒 3.6M COINS 🪙 6 LVL ⚡ MANY EPIC SKINS 🔐 FULL ACCESS ✅🐸✨, Arena Breakout Mobile, Sale",8.96,4.8,False
77260571,"✅🐸✨ 【ARENA BREAKOUT】 STOCK 4.6M 🎒 3.25M COINS 🪙 6 LVL ⚡ EPIC SKINS 🔐 FULL ACCESS / AUTO ✅🐸✨, Arena Breakout Mobile, Sale",8.96,4.6,False
77260569,"✅🐸✨ 【ARENA BREAKOUT】 STOCK 6.8M 🎒 6M COINS 🪙 4 LVL ⚡ EPIC SKIN 🔐 FULL ACCESS / AUTO ✅🐸✨, Arena Breakout Mobile, Sale",10.67,6.8,False
77260565,"✅🐸✨ 【ARENA BREAKOUT】 STOCK 6.5M 🎒 4.4M COINS 🪙 5 LVL ⚡ EPIC SKIN 🔐 FULL ACCESS / AUTO ✅🐸✨, Arena Breakout Mobile, Sale",7.08,6.5,False
54028647,"LEVEL 30 💸 32.3 M STORAGE ✅  30M BALANCE 💸 SAFE 2X3 4 DAYS, Arena Breakout Mobile, Sale",89.08,32.3,False
78926434,"🖤30LVL🖤👑13.730 BONDS + DONATION KNIVES👑✅16.6K CASH✅, Arena Breakout Mobile, Sale",169.43,,True
78997446,"🔥Mobile version🔥level 4🔥 460k cash /🔥Email + password / Auto‑issue 🔥, Arena Breakout Mobile, Sale",1.73,,False
78879117,"🔥 STASH 4.9M 🔥 🔥 3.22M KOENS 🔥 🔥 4 LVL 🔥 🔥 FULL ACCESS 🔥 🔥 AUTO DELIVERY 🔥, Arena Breakout Mobile, Sale",6.74,4.9,False
78587405,"🔥 6M STASH 🔥 🔥 3.25M COINS 🔥 🔥 6 LVL 🔥 🔥 EPIC SKINS 🔥 🔥 FULL ACCESS 🔥 🔥 AUTO DELIVERY 🔥, Arena Breakout Mobile, Sale",8.12,6.0,False
78518909,"🔥 5.2M STASH 🔥 🔥 3.7M COINS 🔥 🔥 7 LVL 🔥 🔥 EPIC SKINS 🔥 🔥 FULL ACCESS 🔥 🔥 INSTANT DELIVERY 🔥, Arena Breakout Mobile, Sale",8.12,5.2,False
78518903,"🔥 STASH 5.3M 🔥 🔥 3.9M COINS 🔥 🔥 5 LVL 🔥 🔥 EPIC SKINS 🔥 🔥 FULL ACCESS 🔥 🔥 INSTANT DELIVERY 🔥, Arena Breakout Mobile, Sale",8.12,5.3,False
78518896,"🔥 STASH 5.1M 🔥 🔥 3.68M COINS 🔥 🔥 6 LVL 🔥 🔥 WEAPON SKINS 🔥 🔥 FULL ACCESS 🔥 🔥 INSTANT DELIVERY 🔥, Arena Breakout Mobile, Sale",8.12,5.1,False
76362513,"✅🔥LOW PRICE🔥TOP ACC👑65M STASH📦57M CASH💰TWO KNIVES🩸MANY GOLD SKINS✨✅, Arena Breakout Mobile, Sale",40.34,65.0,True
78651203,"🔥 TOP-TIER ACCOUNT FOR A MASSIVE START IN ARENA BREAKOUT | LVL 30 | 16M+ CASH | 18M+ STASH VALUE 🔥, Arena Breakout Mobile, Sale",15.27,16.0,False
36623195,"Selling a personal account with full transferSale of a personal account with full transfer., Arena Breakout Mobile, Sale",763.53,,False
74035210,"Selling account, a lot of skins 50kk all on screenshots, Arena Breakout Mobile, Sale",101.8,50.0,False
68802896,"1.1 billion storageqqqqieejdjdjsjdhehjwhevwveehirrj, Arena Breakout Mobile, Sale",2672.0,,False
70137150,"🎀🕸️30 LVL | 24KK CACHE | 18KK CASH | SKINS | KEYS🕸️🎀, Arena Breakout Mobile, Sale",14.14,24.0,False
78642177,"🔴 2 ACCOUNTS | 10+10M (CC) cash | Level 30 | Mobile version | Full re-linking to yourself 🔵, Arena Breakout Mobile, Sale",7.0,10.0,False
78642068,"🔴 2 ACCOUNTS | 20+20M (CC) cash | Level 30 | Mobile version | Full re-linking to yourself 🔵, Arena Breakout Mobile, Sale",12.09,20.0,False
78641662,"🔴 2 ACCOUNTS | 40+40M (CC) cash | Level 30 | Mobile version | Full re-linking to yourself 🔵, Arena Breakout Mobile, Sale",20.36,40.0,False
78641425,"🔴 2 ACCOUNTS | 50+50M (CC) cash | Level 30 | Mobile version | Full re-linking to yourself 🔵, Arena Breakout Mobile, Sale",28.0,50.0,False
77897148,"💎LEVEL 30💎 | 💰$20,000,000 COHENS💰 |✅🔐FULL DATA✅🔐, Arena Breakout Mobile, Sale",7.0,20.0,False
75705965,"💎LEVEL 30💎 | 💰$10,000,000 COHENS💰 |✅🔐FULL DATA✅🔐, Arena Breakout Mobile, Sale",4.45,10.0,False
74953726,"💎LEVEL 30💎 | 💰$30,000,000 COHENS💰 |✅🔐FULL DATA✅🔐, Arena Breakout Mobile, Sale",11.44,30.0,False
74917045,"💎LEVEL 30💎 | 💰$50,000,000 COHENS💰 |✅🔐FULL DATA✅🔐, Arena Breakout Mobile, Sale",17.83,50.0,False
78975025,"Selling my personal account, Arena Breakout Mobile, Sale",152.71,,False
78453584,"Account from Season 4, 300M, 3 knives, 3 outfits, Arena Breakout Mobile, Sale",145.69,300.0,True
78972707,"Donat / 3 knives + gloves / Lazutchik, Hekate / + data for resa, Arena Breakout Mobile, Sale",216.33,,True
78958886,"72M 2 knife 2 characters skin full gold medusa very good account, Arena Breakout Mobile, Sale",257.76,72.0,True
78898774,"301M 282M Cash💵 many suits from S1 full access fast delivery, Arena Breakout Mobile, Sale",268.96,301.0,False
78707429,"Account with t5 and many gold to transfer money to your main account, Arena Breakout Mobile, Sale",1.23,,False
78706164,"T5 training account 3.5 million full access fast delivery, Arena Breakout Mobile, Sale",1.23,,False
76925102,"170M 156 cash full access no phone number linked all clean many suits and gold weapons., Arena Breakout Mobile, Sale",112.07,170.0,False
70008244,"30M 29M cash  💸 level 30 2 name change cards, Arena Breakout Mobile, Sale",15.69,30.0,False
68651044,"T7 Skin wrath 👕suit 2 gloves personal account full access, Arena Breakout Mobile, Sale",224.14,,True
61481603,"Account from Season 4, Level 30, 97M cash | 132M storage | 3 KNIFE, Arena Breakout Mobile, Sale",248.85,97.0,True
78971477,"◼️🏴‍☠️Juicy Arena Breakout Account with a Huge Skin Collection🏴‍☠️◼️, Arena Breakout Mobile, Sale",99.74,,False
78645837,"🔥JUICY ACCOUNT TO START 🔥 🆙21 LVL🆙 💵 TOTAL COST 4.400.000💵 ➕ACCOUNT IS ISSUED COMPLETELY BY MAIL➕, Arena Breakout Mobile, Sale",6.36,4.4,False
68689331,"✅✅✅ACC 550k+✅✅✅1 GLOVES✅5 KNIVES✅, Arena Breakout Mobile, Sale",305.4,,True
64807846,"✅✅850kk CASH✅✅✅PILLOW SKINS✅KNOZH BATTLE MACE✅FULL REBIND✅BEST ACC✅, Arena Breakout Mobile, Sale",1909.0,850.0,False
64198026,"✅✅ TOP 1 EUROPEAN ACCOUNT FOR DISTRIBUTION ✅✅✅ Capybara_ ✅✅✅ 1.300K ✅✅✅, Arena Breakout Mobile, Sale",2125.0,,False
64196120,"✅✅✅ACC 800K+✅✅✅2 PERTACHKI✅5 KNIVES✅THE ONLY ANIM IN THE GAME.TOP100 BACKGROUND FOR TOP100✅, Arena Breakout Mobile, Sale",3207.0,,True
65305698,"A delicious account with donations and expensive storage at a reasonable price., Arena Breakout Mobile, Sale",224.14,,False
74091266,"Escort for 1kk-2kk ✨ forbidden ✨"" (slang/Internet style), Arena Breakout Mobile, Sale",53.45,1.0,False
78731347,"🌕Sell your personal account for new players and get a discount 🌕, Arena Breakout Mobile, Sale",2.57,,False
61989822,"SUPER - PUER MEGA FAT !!!, Arena Breakout Mobile, Sale",120.89,,False
63102535,"❗Automatic delivery ❗ Nice account with skins💵🎰❗, Arena Breakout Mobile, Sale",80.17,,False
77873184,"Arena breakout Account 130M💸, Arena Breakout Mobile, Sale",280.17,130.0,False
78703625,"4 knives 1 pair of peppers, Arena Breakout Mobile, Sale",50.9,,True
75514786,"[Mobile ONLY] [level 30]200M (200 kk) Korn Coins+Other Random Items/ Full Access j5SS, Arena Breakout Mobile, Sale",121.03,200.0,False
72948756,"[Mobile ONLY] [level 30]100M (100 kk) Korn Coins+Other Random Items/ Full Access  j2FS, Arena Breakout Mobile, Sale",58.26,100.0,False
72508815,"[Mobile ONLY] [level 30] 30M (30 kk) Korn Coins+Other Random Items/ Full Access z35, Arena Breakout Mobile, Sale",7.83,30.0,False
72508791,"[Mobile ONLY] [level 30] 40M(40 kk) Korn Coins+Other Random Items/ Full Access z45, Arena Breakout Mobile, Sale",10.42,40.0,False
78770324,"Selling an account 30 lvl / 270 cc safe / 225 cc cash!!!, Arena Breakout Mobile, Sale",145.64,270.0,False
37690167,"💮Auto issue💮[1.7 MIL warehouse]💮[1 mil Cash]💮 card name change💮check description, Arena Breakout Mobile, Sale",3.18,,False
76553943,"There are 2 knives in the account, 24 million, Arena Breakout Mobile, Sale",18.83,,True
76178185,"There are 4 knives in the account, the warehouse is 16 million 80€, Arena Breakout Mobile, Sale",60.26,,True
71712572,"🔥🔥🔥💲168million💲 top account with skins🔥🔥🔥, Arena Breakout Mobile, Sale",117.46,,False
74394861,"🔥2 Change of nickname🔥lvl 26🔥Warehouse 20,4M🔥14,6M Cash🔥auto delivery🔥, Arena Breakout Mobile, Sale",12.55,20.4,False
77891833,"Selling an old account, special forces, C4, 6 knives, and 3., Arena Breakout Mobile, Sale",101.8,,True
70502386,"Arena Breakout | Legend 26★ | Max Lvl | 2 Knives + Tons of Gold Skins | Stacked End-game Account, Arena Breakout Mobile, Sale",63.63,,True
31992295,"level 11, general warehouse 4.3kk, currency 3.4kk, Full account access., Arena Breakout Mobile, Sale",2.55,4.3,False
78075982,"👾AUTO DELIVERY👾35 million💰cash 20 million💵, Arena Breakout Mobile, Sale",22.91,,False
78836139,"looking for account with lucky rabbit knife and winter gloves, Arena Breakout Mobile, Sale",112.07,,True
78849124,"jjefjejexejxsjcdjcdjcjexejxejxj, Arena Breakout Mobile, Sale",76.35,,False
78922493,"Personal account sale , 6 kk cache , 2 skins per character, Arena Breakout Mobile, Sale",57.26,6.0,False
78922213,"Good donation account 💸, Arena Breakout Mobile, Sale",63.63,,False
74699277,"Account with 100kk storage, Arena Breakout Mobile, Sale",76.35,100.0,False
78919654,"20kk hiding places, Lesheny's suit!! Heavenly knife claw!!, Arena Breakout Mobile, Sale",56.49,20.0,True
75937888,"📈LVL 11📈 | 💲2.3K CASH💲 | 💎PURPLE SKIN FOR PC 926 + FA DOWNLOAD💎 | 🗝️COMPLETE DATA CHANGE🗝️ |, Arena Breakout Mobile, Sale",2.88,,False
78907301,"High-value account for sale (suitable as a main account). Account dating back to Season 1., Arena Breakout Mobile, Sale",50.9,,False
78906484,"30m(kk) + 30lvl, Arena Breakout Mobile, Sale",7.64,30.0,False
78905548,"Personal account with email, Arena Breakout Mobile, Sale",152.71,,False
66861479,"💚 SELLING A PERSONAL ACCOUNT: 46kk 💰, 1 pair of gloves 🧤, 8 knives 🔪 ✨, Arena Breakout Mobile, Sale",509.02,46.0,True
61700064,"⚫️【𝗔𝗥𝗘𝗡𝗔 𝗕𝗥𝗘𝗔𝗞𝗢𝗨𝗧】⚫️🔥GOOD ACCOUNT TO START🔥T7 THERMAL IMAGING CAMERA🔥SKINS🔥AUTO-ISSUE🔥, Arena Breakout Mobile, Sale",0.65,,False
61511680,"🔥GOOD ACCOUNT TO START🔥T7 THERMAL IMAGING CAMERA🔥SKINS🔥SEE DESCRIPTION🔥AUTO-ISSUE🔥, Arena Breakout Mobile, Sale",0.65,,False
69142940,"🟡⭐️I WILL SELL THE ACCOUNT⭐️🟡KNIFE / SWORD🟡⭐️, Arena Breakout Mobile, Sale",82.72,,True
78878416,"Acc. 287m, mk14 red skin, 1 prem. Kniffe, 82m in koen, Arena Breakout Mobile, Sale",245.63,287.0,False
77627371,"Old account adidas mk-14 shrapnel, Arena Breakout Mobile, Sale",156.52,,False
78868889,"Account with a knife and costumes, 34kk warehouse, Arena Breakout Mobile, Sale",50.9,34.0,True
78529909,"donate knife, 2.000.000 koins, Arena Breakout Mobile, Sale",20.36,2.0,True
78529768,"3 knife, safe 2x3, many skins, Arena Breakout Mobile, Sale",15.91,,True
78261937,"An account for a comfortable gaming experience, level 30, 28k in cash., Arena Breakout Mobile, Sale",50.9,,False
74272162,"🎮Arena Breakout Mobile🎮 |💎LEVEL 30💎 | 💰$50.000.000 COENS💰 |✅🔐FULL DATA✅🔐, Arena Breakout Mobile, Sale",19.72,50.0,False
74272158,"🎮Arena Breakout Mobile🎮 |💎LEVEL 30💎 | 💰$30.000.000 COENS💰 |✅🔐FULL DATA✅🔐, Arena Breakout Mobile, Sale",12.73,30.0,False
74272142,"🎮Arena Breakout Mobile🎮 |💎LEVEL 30💎 | 💰$10.000.000 COENS💰 |✅🔐FULL DATA✅🔐, Arena Breakout Mobile, Sale",5.73,10.0,False
77730058,"Great account dark zone!, Arena Breakout Mobile, Sale",25.45,,False
39763961,"Selling an account, 50 million warehouse, 39 million, Arena Breakout Mobile, Sale",63.63,,False
38733058,"Personal account, Arena Breakout Mobile, Sale",50.9,,False
78850210,"Whshusshshjshshs sjshhs jshshshshsjsj jshshshshshsjsusj, Arena Breakout Mobile, Sale",49.63,,False
78838043,"The account has knives and a bunch of skins and accessories 🤑, Arena Breakout Mobile, Sale",381.76,,True
78826526,"Arena breakout, Arena Breakout Mobile, Sale",186.69,,False
52965409,"🌟🌟🌟MACHETE AND UNIFORM🌟🌟🌟🔴Gmail🔴🌟SKINS🌟💲52.4+ kk💲🔥FULL ACCESS🔥30 LVL🔥AUTO-RECEIPT🔥, Arena Breakout Mobile, Sale",86.92,,False
35141575,"🌟🌟🌟CAPITAL SHOVEL, MACHETE AND SUITS🌟🌟🌟💥SKINS💥💲80.6+ kk💲🔥30 LVL🔥FULL ACCESS🔥AUTO-DISTRIBUTION🔥, Arena Breakout Mobile, Sale",140.03,,False
78798639,"Selling an account with a knife and a 40 million stash., Arena Breakout Mobile, Sale",63.63,,True
76194827,"SOCHNYY AKK +59 SKINOV I +38 OBLIKOV NA ORUZHIYe, Arena Breakout Mobile, Sale",1.65,,False
76056832,"TOP ACCOUNT +91 on weapons and 40+ on equipment, Arena Breakout Mobile, Sale",3.69,,False
78786649,"Arena, Arena Breakout Mobile, Sale",171.79,,False
77340925,"Six seven Six seven Six seven Six seven, Arena Breakout Mobile, Sale",38.18,,False
78103626,"Account salle , There is a general appearance., Arena Breakout Mobile, Sale",105.62,,False
78776249,"Donation account.Lots of skins.Medusa skin.28 million stash.Check description., Arena Breakout Mobile, Sale",43.27,,False
67032775,"🎀 ARENA BREAKOUT🎀 💰 Balance: 3.1KK💰 📈 LVL: 20 📈💵 Total cost: 5.4KK 💵 ◤AUTO DELIVERY◢, Arena Breakout Mobile, Sale",2.55,3.1,False
76351457,"sell arena breakout account 120kk, Arena Breakout Mobile, Sale",95.44,120.0,False
76938003,"Old account – 133 million – 3 knives and gloves, Arena Breakout Mobile, Sale",216.33,,True
78713509,"An account with 3 knives and a red skin for the character., Arena Breakout Mobile, Sale",62.35,,True
78684983,"Old  JUICY ACCOUNT., Arena Breakout Mobile, Sale",343.59,,False
78675802,"I am selling an account with items; it includes knives and weapon/knife skins., Arena Breakout Mobile, Sale",152.71,,True
72265011,"💎Capsule Account (Seasons S1–S4) | 8.3M Stash Value / 4.6M Cash | Rare Items & Event Items💎, Arena Breakout Mobile, Sale",18.83,8.3,False
78652257,"24M  3.5M coins Errata katana, Arena Breakout Mobile, Sale",101.8,24.0,False
78723032,"Sell akk pls yurjejbdjdidhrvehdidheju, Arena Breakout Mobile, Sale",23.24,,False
73733604,"Personal account (donat), Arena Breakout Mobile, Sale",572.64,,False
78551156,"💰 2M STORAGE VALUE | 🔪 KERAMBIT “WITCH’S SICKLE” | ⏱️ 315+ HOURS | 🔫 AX50 “WITCH”+ BANANA FOREGRIP 💎, Arena Breakout Mobile, Sale",38.18,2.0,False
67003568,"🔥 WAREHOUSE — 306M   IMAGING DEVICES 🔥 GENERAL “TWILIGHT” SKIN ⛓️ FLAMING CHAINS, Arena Breakout Mobile, Sale",141.39,306.0,False
78545363,"Selling personal account, Arena Breakout Mobile, Sale",25.45,,False
65051310,"The nota of the nota of the nota and I was in, Arena Breakout Mobile, Sale",4.45,,False
75456705,"Cool ak with a big ball, Arena Breakout Mobile, Sale",178.16,,False
70260957,"A bomb account for playing with lots of knives, lots of skins, and everything you might need, Arena Breakout Mobile, Sale",318.14,,True
78503543,"My account, cousts skins, for all write, Arena Breakout Mobile, Sale",25.11,,False
37263705,"Personal account with good skins, Arena Breakout Mobile, Sale",82.72,,False
78423531,"An account with rare skins from the first seasons, Arena Breakout Mobile, Sale",69.99,,False
74234568,"Sale of an account with overpowered skins, Arena Breakout Mobile, Sale",116.5,,False
78371505,"AB mobile, Arena Breakout Mobile, Sale",254.51,,False
78360152,"Account without history, Arena Breakout Mobile, Sale",86.53,,False
78344063,"Simple account for sale, Arena Breakout Mobile, Sale",2.13,,False
78325668,"Account 840k (lots of donations), Arena Breakout Mobile, Sale",1012.0,,False
78262034,"Don’t information, Arena Breakout Mobile, Sale",34.36,,False
26454336,"✅ 345 KK. CASH 332 KK. ✅OLD AKK S1✅, Arena Breakout Mobile, Sale",318.14,345.0,False
78292830,"4 character skins + M4A1 (Razgon and Cyberpunk variants), Arena Breakout Mobile, Sale",105.62,,False
78263711,"🔥ARENA BREAKOUT ACCOUNT 30LVL 🔥🎉 6.5KK, SKINS, MOUNT ITEMS🎉, Arena Breakout Mobile, Sale",5.34,6.5,False
68192082,"Selling an account with 64k inventory and 21k cash, Arena Breakout Mobile, Sale",190.88,,False
76796439,"I’m selling my native account., Arena Breakout Mobile, Sale",19.09,,False
78421741,"Account sale, 8 knives., Arena Breakout Mobile, Sale",445.39,,True
77889465,"S1 Account / 3 Knives / Many Skins / 12M, Arena Breakout Mobile, Sale",50.9,12.0,True
77716212,"I'm selling an account with a butterfly knife fe t skins, plus the golden ""Leshy"" skin., Arena Breakout Mobile, Sale",45.81,,True
77712381,"The account includes 3 knives, an MK skin, and the Teplo and Evita Apostle skins., Arena Breakout Mobile, Sale",62.35,,True
77323012,"I’M SELLING AN ACCOUNT WITH A DONATION!!, Arena Breakout Mobile, Sale",106.77,,False
71648050,"❗⛷️SELL ACCOUNT 30 LVL SKIN ""BASKET"" ⛷️❗, Arena Breakout Mobile, Sale",67.44,,False
76299838,"Top\-tier account for advanced players\. Tons of skins, 3 gold skins, Arena Breakout Mobile, Sale",12.73,,False
69921868,"Account S2  has 7 knives, Arena Breakout Mobile, Sale",254.51,,True
77016457,"FULL AKKAYNT ARENA BREAKOUT, Arena Breakout Mobile, Sale",114.53,,False
76099046,"🎮Arena Breakout Mobile🎮 |💎30 LEVEL💎 | 💰10.000.000 COHEN💰 |✅🔐 NEW DATA✅🔐, Arena Breakout Mobile, Sale",6.36,10.0,False
63735316,"Very cheaply sold account where a lot of money was invested., Arena Breakout Mobile, Sale",95.44,,False
76708526,"70+kk cash HK416 MG, gold 🪙and old things/skins, Arena Breakout Mobile, Sale",37.66,,False
76536065,"top AK in the arena, Arena Breakout Mobile, Sale",6.36,,False
76527867,"Top AK, Arena Breakout Mobile, Sale",7.64,,False
60694436,"🔷🔹💠6 Lvl💠🔹💠2.2M money💠🔹💠1.2M koins💠🔹💠Safe 1x2 7 days💠🔹💠Li pass, Arena Breakout Mobile, Sale",1.02,2.2,False
76231351,"account the donation nice good, Arena Breakout Mobile, Sale",7.64,,False
75850884,"70kk sklad 50kk cash skins and old, Arena Breakout Mobile, Sale",38.91,70.0,False
66947798,"THE BEST ACCOUNT, Arena Breakout Mobile, Sale",8.91,,False
73173612,"John said you can get the card, Arena Breakout Mobile, Sale",1591.0,,False
73838360,"Arena Breakout Mobile account with a stash value of over 500 million., Arena Breakout Mobile, Sale",699.9,,False
71360234,"Owqxijaosidjoiawjdladckomz9*($+', Arena Breakout Mobile, Sale",8.4,,False
71167847,"🔥 AJAX KNIFE 🔪 | KURT CHARACTER 👤 | 39M CASH 💰 | 26,5M STOCK ⚡ FAST DELIVERY, Arena Breakout Mobile, Sale",76.35,39.0,True
71049194,"Ksgsyzhz, Arena Breakout Mobile, Sale",38.11,,False
69343850,"PERSONAL OLD ACC STORAGE 310KK, Arena Breakout Mobile, Sale",169.47,310.0,False
70261716,"🤑Personal account from the first season🤑 🤩meteorite kukri knife🤩 👀Ajax skin👀 🥶121kk stash🥶, Arena Breakout Mobile, Sale",165.43,121.0,True
70682501,"[MOBILE]Level 30/100M（100kk）+korn coins/auto sell/dont wait, Arena Breakout Mobile, Sale",47.59,100.0,False
68202210,"Good account 2x3 safe, 4 knifes, Arena Breakout Mobile, Sale",29.27,,True
67538603,"3 knives, 2 pairs of gloves, 2 suits check description, Arena Breakout Mobile, Sale",263.42,,True
67532106,"arena breakout account stash 42 million, Arena Breakout Mobile, Sale",89.08,,False
66024413,"hHshshxhxhududhd dhdhjdududisjidoekek eeiksisid, Arena Breakout Mobile, Sale",7.0,,False
64069037,"Account 45 million, lots of skins, Arena Breakout Mobile, Sale",51.54,,False
64296145,"AK 400 million, Talia, Bastet, Hecata, Skullcrusher + skins for top Ghanaians, Arena Breakout Mobile, Sale",1400.0,,False
54004446,"Donation account, Arena Breakout Mobile, Sale",254.51,,False
54774654,"[MOBILE]Level 30/30M（30kk）+korn coins/auto sell/dont wait, Arena Breakout Mobile, Sale",7.57,30.0,False
50560450,"[MOBILE]Level 30/20M（20kk）+korn coins/auto sell/dont wait, Arena Breakout Mobile, Sale",4.84,20.0,False
49236144,"[MOBILE]Level 30/10M（10kk）+korn coins/Full Access/auto sell/dont wait/lv30/lv30 lvl30(name card), Arena Breakout Mobile, Sale",2.93,10.0,False
35121073,"Good account ✅️ AUTO-issue ✅️ Level 25 ✅️ Mail ✅️ Thermal imager ✅️ Arena Breakout Mobile 🎮, Arena Breakout Mobile, Sale",20.36,,False
38416384,"Good account with knife and gloves, Arena Breakout Mobile, Sale",48.36,,True
